Entity,Year,Life expectancy
15,1802,34.049999
15,1803,34.049999
15,1804,34.049999
15,1805,34.049999
15,1806,34.049999
15,1807,34.049999
15,1808,34.049999
15,1809,34.049999
15,1810,34.049999
15,1811,34.049999
15,1812,34.049999
15,1813,34.049999
15,1814,34.049999
15,1815,34.049999
15,1816,34.049999
15,1817,34.049999
15,1818,34.049999
15,1819,34.049999
15,1820,34.049999
15,1821,34.049999
15,1822,34.049999
15,1823,34.049999
15,1824,34.049999
15,1825,34.049999
15,1826,34.049999
15,1827,34.049999
15,1828,34.049999
15,1829,34.049999
15,1830,34.049999
15,1831,34.049999
15,1832,34.049999
15,1833,34.049999
15,1834,34.049999
15,1835,34.049999
15,1836,34.049999
15,1837,34.049999
15,1838,34.049999
15,1839,34.049999
15,1840,34.049999
15,1841,34.049999
15,1842,34.049999
15,1843,34.049999
15,1844,34.049999
15,1845,34.049999
15,1846,34.049999
15,1847,34.049999
15,1848,34.049999
15,1849,34.049999
15,1850,34.049999
15,1851,34.049999
15,1852,34.049999
15,1853,34.049999
15,1854,34.049999
15,1855,34.049999
15,1856,34.049999
15,1857,34.049999
15,1858,34.049999
15,1859,34.049999
15,1860,34.049999
15,1861,34.049999
15,1862,34.049999
15,1863,34.049999
15,1864,34.049999
15,1865,34.049999
15,1866,34.049999
15,1867,34.049999
15,1868,34.049999
15,1869,34.049999
15,1870,34.049999
15,1871,34.579216
15,1872,35.108433
15,1873,35.637646
15,1874,36.166862
15,1875,36.696079
15,1876,37.225296
15,1877,37.754509
15,1878,38.283726
15,1879,38.812943
15,1880,39.342155
15,1881,39.871372
15,1882,40.400589
15,1883,40.929806
15,1884,41.459019
15,1885,41.988235
15,1886,42.517452
15,1887,43.046665
15,1888,43.575882
15,1889,44.105099
15,1890,44.634315
15,1891,45.163528
15,1892,45.692745
15,1893,46.221962
15,1894,46.751175
15,1895,47.280392
15,1896,47.809608
15,1897,48.338825
15,1898,48.868038
15,1899,49.397255
15,1900,49.926472
15,1901,50.455685
15,1902,50.984901
15,1903,51.514118
15,1904,52.043335
15,1905,52.572548
15,1906,53.101765
15,1907,53.630981
15,1908,54.160194
15,1909,54.689411
15,1910,55.218628
15,1911,55.747845
15,1912,56.277058
15,1913,56.806274
15,1914,57.335491
15,1915,57.864704
15,1916,58.393921
15,1917,58.923138
15,1918,54.802391
15,1919,59.981567
15,1920,60.510784
15,1921,61.040001
15,1922,62.889999
15,1923,61.73
15,1924,62.529999
15,1925,63.220001
15,1926,62.939999
15,1927,62.91
15,1928,62.959999
15,1929,63.150002
15,1930,64.959999
15,1931,65.389999
15,1932,65.690002
15,1933,65.519997
15,1934,64.879997
15,1935,65.150002
15,1936,65.269997
15,1937,65.830002
15,1938,65.870003
15,1939,65.82
15,1940,66.260002
15,1941,66.139999
15,1942,65.879997
15,1943,66.400002
15,1944,68.029999
15,1945,68.459999
15,1946,67.980003
15,1947,68.589996
15,1948,68.510002
15,1949,69.129997
15,1950,69.019997
15,1951,68.720001
15,1952,69.120003
15,1953,69.699997
15,1954,69.849998
15,1955,70.169998
15,1956,70.050003
15,1957,70.330002
15,1958,70.879997
15,1959,70.449997
15,1960,70.889999
15,1961,71.160004
15,1962,70.93
15,1963,70.989998
15,1964,70.650002
15,1965,70.980003
15,1966,70.82
15,1967,71.099998
15,1968,70.730003
15,1969,71.139999
15,1970,70.809998
15,1971,71.410004
15,1972,71.93
15,1973,72.139999
15,1974,71.889999
15,1975,72.839996
15,1976,72.879997
15,1977,73.489998
15,1978,73.879997
15,1979,74.440002
15,1980,74.599998
15,1981,74.959999
15,1982,74.739998
15,1983,75.550003
15,1984,76.019997
15,1985,75.449997
15,1986,76.129997
15,1987,76.32
15,1988,76.349998
15,1989,76.449997
15,1990,77.019997
15,1991,77.389999
15,1992,77.620003
15,1993,77.889999
15,1994,78.050003
15,1995,78.300003
15,1996,78.5
15,1997,78.800003
15,1998,79.110001
15,1999,79.400002
15,2000,79.709999
15,2001,80.019997
15,2002,80.239998
15,2003,80.540001
15,2004,80.809998
15,2005,81.089996
15,2006,81.269997
15,2007,81.43
15,2008,81.580002
15,2009,81.790001
15,2010,81.989998
15,2011,82.150002
15,2012,82.330002
15,2013,82.529999
15,2014,82.580002
15,2015,82.550003
15,2016,82.519997
1,1800,32.0
1,1801,31.999807
1,1802,31.999613
1,1803,31.99942
1,1804,31.999228
1,1805,31.999033
1,1806,31.99884
1,1807,31.998646
1,1808,31.998453
1,1809,31.99826
1,1810,31.998066
1,1811,31.997873
1,1812,31.997681
1,1813,31.997486
1,1814,31.997293
1,1815,31.997101
1,1816,31.996906
1,1817,31.996714
1,1818,31.996519
1,1819,31.996326
1,1820,31.996134
1,1821,31.995939
1,1822,31.995747
1,1823,31.995554
1,1824,31.995359
1,1825,31.995167
1,1826,31.994974
1,1827,31.99478
1,1828,31.994587
1,1829,31.994392
1,1830,31.9942
1,1831,31.994007
1,1832,31.993813
1,1833,31.99362
1,1834,31.993427
1,1835,31.993233
1,1836,31.99304
1,1837,31.992847
1,1838,31.992653
1,1839,31.99246
1,1840,31.992268
1,1841,31.992073
1,1842,31.99188
1,1843,31.991686
1,1844,31.991493
1,1845,31.991301
1,1846,31.991106
1,1847,31.990913
1,1848,31.990721
1,1849,31.990526
1,1850,31.990334
1,1851,31.990141
1,1852,31.989946
1,1853,31.989754
1,1854,31.989559
1,1855,31.989367
1,1856,31.989174
1,1857,31.988979
1,1858,31.988787
1,1859,31.988594
1,1860,31.9884
1,1861,31.988207
1,1862,31.988014
1,1863,31.98782
1,1864,31.987627
1,1865,31.987432
1,1866,31.98724
1,1867,31.987047
1,1868,31.986853
1,1869,31.98666
1,1870,31.986467
1,1871,31.986273
1,1872,31.98608
1,1873,31.985888
1,1874,31.985693
1,1875,31.9855
1,1876,31.985306
1,1877,31.985113
1,1878,31.984921
1,1879,31.984726
1,1880,31.984533
1,1881,31.984341
1,1882,31.984146
1,1883,31.983953
1,1884,31.983761
1,1885,31.983566
1,1886,31.983374
1,1887,31.983179
1,1888,31.982986
1,1889,31.982794
1,1890,31.982599
1,1891,31.982407
1,1892,31.982214
1,1893,31.982019
1,1894,31.981827
1,1895,31.981634
1,1896,31.98144
1,1897,31.981247
1,1898,31.981052
1,1899,31.98086
1,1900,31.980667
1,1901,31.980473
1,1902,31.98028
1,1903,31.980087
1,1904,31.979893
1,1905,31.9797
1,1906,31.979507
1,1907,31.979313
1,1908,31.97912
1,1909,31.978928
1,1910,31.978733
1,1911,31.97854
1,1912,31.978346
1,1913,31.978153
1,1914,31.977961
1,1915,31.977766
1,1916,31.977573
1,1917,31.977381
1,1918,26.978191
1,1919,31.976994
1,1920,31.976801
1,1921,31.97912
1,1922,31.98144
1,1923,31.983761
1,1924,31.98608
1,1925,31.9884
1,1926,31.990721
1,1927,31.99304
1,1928,31.995359
1,1929,31.997681
1,1930,32.0
1,1931,32.464073
1,1932,32.928143
1,1933,33.392216
1,1934,33.856289
1,1935,34.320358
1,1936,34.784431
1,1937,35.248505
1,1938,35.712578
1,1939,36.176647
1,1940,36.64072
1,1941,37.772575
1,1942,38.90443
1,1943,40.036289
1,1944,41.168144
1,1945,42.299999
1,1946,43.848
1,1947,45.396
1,1948,46.944
1,1949,48.492001
1,1950,50.040001
1,1951,50.279999
1,1952,50.763
1,1953,51.248001
1,1954,51.737
1,1955,52.23
1,1956,52.724998
1,1957,53.222
1,1958,53.720001
1,1959,54.214001
1,1960,54.702
1,1961,55.179001
1,1962,55.643002
1,1963,56.091
1,1964,56.521
1,1965,56.935001
1,1966,57.334
1,1967,57.722
1,1968,58.105
1,1969,58.484001
1,1970,58.865002
1,1971,59.250999
1,1972,59.644001
1,1973,60.042
1,1974,60.443001
1,1975,60.844002
1,1976,61.236
1,1977,61.615002
1,1978,61.978001
1,1979,62.327999
1,1980,62.668999
1,1981,63.007999
1,1982,63.353001
1,1983,63.709999
1,1984,64.081001
1,1985,64.466003
1,1986,64.862
1,1987,65.264
1,1988,65.667
1,1989,66.068001
1,1990,68.410004
1,1991,68.739998
1,1992,68.910004
1,1993,69.129997
1,1994,69.379997
1,1995,69.660004
1,1996,69.959999
1,1997,70.339996
1,1998,70.669998
1,1999,70.980003
1,2000,71.360001
1,2001,71.760002
1,2002,72.059998
1,2003,72.330002
1,2004,72.620003
1,2005,72.93
1,2006,73.199997
1,2007,73.459999
1,2008,73.720001
1,2009,73.940002
1,2010,74.150002
1,2011,74.379997
1,2012,74.639999
1,2013,74.839996
1,2014,75.010002
1,2015,75.139999
1,2016,75.239998
2,1800,39.0
2,1801,39.001495
2,1802,39.002995
2,1803,39.00449
2,1804,39.005985
2,1805,39.007484
2,1806,39.00898
2,1807,39.010479
2,1808,39.011974
2,1809,39.01347
2,1810,39.014969
2,1811,39.016464
2,1812,39.01796
2,1813,39.019459
2,1814,39.020954
2,1815,39.022453
2,1816,39.023949
2,1817,39.025444
2,1818,39.026943
2,1819,39.028439
2,1820,39.029934
2,1821,39.031433
2,1822,39.032928
2,1823,39.034428
2,1824,39.035923
2,1825,39.037418
2,1826,39.038918
2,1827,39.040413
2,1828,39.041908
2,1829,39.043407
2,1830,39.044903
2,1831,39.046398
2,1832,39.173481
2,1833,39.30056
2,1834,39.427639
2,1835,39.554722
2,1836,39.681801
2,1837,39.80888
2,1838,39.935959
2,1839,40.063042
2,1840,40.190121
2,1841,40.3172
2,1842,40.391449
2,1843,40.465694
2,1844,40.539944
2,1845,40.614193
2,1846,40.688438
2,1847,40.762688
2,1848,40.836937
2,1849,40.911182
2,1850,40.985432
2,1851,41.059681
2,1852,41.113216
2,1853,41.166752
2,1854,41.220287
2,1855,41.273823
2,1856,41.327358
2,1857,41.380898
2,1858,41.434433
2,1859,41.487968
2,1860,41.541504
2,1861,41.595039
2,1862,41.691216
2,1863,41.787392
2,1864,41.883568
2,1865,41.979744
2,1866,42.07592
2,1867,42.172096
2,1868,42.268272
2,1869,42.364449
2,1870,42.460625
2,1871,42.556801
2,1872,42.774097
2,1873,42.99139
2,1874,43.208687
2,1875,43.425983
2,1876,43.64328
2,1877,43.860577
2,1878,44.077873
2,1879,44.29517
2,1880,44.512463
2,1881,44.729759
2,1882,44.7742
2,1883,44.818642
2,1884,44.863079
2,1885,44.90752
2,1886,44.951962
2,1887,44.996399
2,1888,45.04084
2,1889,45.085281
2,1890,45.129719
2,1891,45.17416
2,1892,45.520191
2,1893,45.866222
2,1894,46.212257
2,1895,46.558289
2,1896,46.90432
2,1897,47.250351
2,1898,47.596382
2,1899,47.942417
2,1900,48.288448
2,1901,48.63448
2,1902,49.022095
2,1903,49.409714
2,1904,49.797329
2,1905,50.184944
2,1906,50.572559
2,1907,50.960175
2,1908,51.347794
2,1909,51.735409
2,1910,52.123024
2,1911,52.510639
2,1912,52.961575
2,1913,53.412514
2,1914,53.863449
2,1915,54.314384
2,1916,54.76532
2,1917,55.216255
2,1918,47.169968
2,1919,56.11813
2,1920,56.569065
2,1921,57.02
2,1922,57.02
2,1923,57.02
2,1924,58.830002
2,1925,59.310001
2,1926,57.990002
2,1927,58.68
2,1928,58.57
2,1929,57.970001
2,1930,58.950001
2,1931,60.360001
2,1932,61.43
2,1933,62.360001
2,1934,62.77
2,1935,62.490002
2,1936,62.720001
2,1937,61.349998
2,1938,63.310001
2,1939,63.740002
2,1940,64.010002
2,1941,63.759998
2,1942,64.699997
2,1943,64.610001
2,1944,65.349998
2,1945,66.330002
2,1946,66.529999
2,1947,66.779999
2,1948,67.330002
2,1949,67.650002
2,1950,68.279999
2,1951,68.550003
2,1952,68.75
2,1953,69.129997
2,1954,69.989998
2,1955,70.050003
2,1956,70.040001
2,1957,69.959999
2,1958,70.620003
2,1959,70.660004
2,1960,71.040001
2,1961,71.269997
2,1962,71.300003
2,1963,71.309998
2,1964,71.690002
2,1965,71.790001
2,1966,71.919998
2,1967,72.129997
2,1968,72.290001
2,1969,72.449997
2,1970,72.650002
2,1971,72.980003
2,1972,72.879997
2,1973,73.110001
2,1974,73.190002
2,1975,73.489998
2,1976,73.919998
2,1977,74.209999
2,1978,74.540001
2,1979,74.900002
2,1980,75.139999
2,1981,75.550003
2,1982,75.760002
2,1983,76.129997
2,1984,76.43
2,1985,76.410004
2,1986,76.559998
2,1987,76.860001
2,1988,76.93
2,1989,77.199997
2,1990,77.43
2,1991,77.610001
2,1992,77.760002
2,1993,77.82
2,1994,77.93
2,1995,78.07
2,1996,78.309998
2,1997,78.57
2,1998,78.779999
2,1999,79.010002
2,2000,79.260002
2,2001,79.480003
2,2002,79.660004
2,2003,79.839996
2,2004,80.050003
2,2005,80.230003
2,2006,80.480003
2,2007,80.650002
2,2008,80.870003
2,2009,81.120003
2,2010,81.339996
2,2011,81.529999
2,2012,81.660004
2,2013,81.75
2,2014,81.790001
2,2015,81.769997
2,2016,81.849998
3,1800,32.0
3,1801,32.0
3,1802,32.0
3,1803,32.0
3,1804,32.0
3,1805,32.0
3,1806,32.0
3,1807,32.0
3,1808,32.0
3,1809,32.0
3,1810,32.0
3,1811,32.0
3,1812,32.0
3,1813,32.0
3,1814,32.0
3,1815,32.0
3,1816,32.0
3,1817,32.0
3,1818,32.0
3,1819,32.0
3,1820,32.0
3,1821,32.0
3,1822,32.0
3,1823,32.0
3,1824,32.0
3,1825,32.0
3,1826,32.0
3,1827,32.0
3,1828,32.0
3,1829,32.0
3,1830,32.0
3,1831,32.0
3,1832,32.0
3,1833,32.0
3,1834,32.0
3,1835,32.0
3,1836,32.0
3,1837,32.0
3,1838,32.0
3,1839,32.0
3,1840,32.0
3,1841,32.0
3,1842,32.0
3,1843,32.0
3,1844,32.0
3,1845,32.0
3,1846,32.0
3,1847,32.0
3,1848,32.0
3,1849,32.0
3,1850,32.0
3,1851,31.0
3,1852,30.0
3,1853,29.0
3,1854,28.0
3,1855,27.0
3,1856,26.0
3,1857,26.7125
3,1858,27.424999
3,1859,28.137501
3,1860,28.85
3,1861,29.5625
3,1862,30.275
3,1863,30.987499
3,1864,31.700001
3,1865,31.742857
3,1866,31.785715
3,1867,31.828571
3,1868,31.871429
3,1869,31.914286
3,1870,31.957144
3,1871,32.0
3,1872,32.0
3,1873,32.0
3,1874,32.0
3,1875,32.0
3,1876,29.5
3,1877,27.5
3,1878,25.200001
3,1879,28.5
3,1880,32.0
3,1881,32.0
3,1882,32.0
3,1883,32.0
3,1884,32.0
3,1885,32.0
3,1886,32.0
3,1887,32.0
3,1888,32.0
3,1889,32.0
3,1890,32.0
3,1891,32.0
3,1892,32.0
3,1893,32.0
3,1894,32.0
3,1895,32.0
3,1896,32.0
3,1897,32.0
3,1898,32.0
3,1899,32.0
3,1900,32.0
3,1901,32.0
3,1902,32.0
3,1903,32.0
3,1904,32.0
3,1905,32.0
3,1906,32.0
3,1907,32.0
3,1908,32.0
3,1909,32.0
3,1910,32.0
3,1911,32.0
3,1912,32.0
3,1913,32.0
3,1914,32.0
3,1915,32.0
3,1916,32.0
3,1917,32.0
3,1918,22.409521
3,1919,32.0
3,1920,32.0
3,1921,32.0
3,1922,32.0
3,1923,32.0
3,1924,32.0
3,1925,32.0
3,1926,32.360001
3,1927,25.65
3,1928,33.080002
3,1929,29.85
3,1930,33.799999
3,1931,34.200001
3,1932,34.599998
3,1933,35.0
3,1934,35.400002
3,1935,35.799999
3,1936,36.200001
3,1937,34.0
3,1938,33.86343
3,1939,34.11343
3,1940,34.36343
3,1941,34.0
3,1942,32.0
3,1943,29.0
3,1944,35.0
3,1945,37.0
3,1946,38.5
3,1947,39.599998
3,1948,40.099998
3,1949,40.599998
3,1950,41.589882
3,1951,42.579762
3,1952,43.569641
3,1953,44.559521
3,1954,46.465599
3,1955,48.02216
3,1956,50.445278
3,1957,50.548962
3,1958,50.158401
3,1959,38.40448
3,1960,31.63176
3,1961,34.104481
3,1962,44.501362
3,1963,51.89912
3,1964,53.320721
3,1965,55.646801
3,1966,56.8032
3,1967,58.381119
3,1968,59.405201
3,1969,60.965199
3,1970,62.650799
3,1971,63.737358
3,1972,63.118881
3,1973,62.7808
3,1974,62.499599
3,1975,62.698879
3,1976,62.437359
3,1977,63.967361
3,1978,64.244324
3,1979,65.085358
3,1980,66.122162
3,1981,66.44976
3,1982,67.587997
3,1983,67.848
3,1984,68.099998
3,1985,68.344002
3,1986,68.581001
3,1987,68.809998
3,1988,69.031998
3,1989,69.248001
3,1990,66.959999
3,1991,67.230003
3,1992,67.43
3,1993,67.669998
3,1994,67.940002
3,1995,68.290001
3,1996,68.620003
3,1997,68.919998
3,1998,69.25
3,1999,69.610001
3,2000,69.940002
3,2001,70.220001
3,2002,70.519997
3,2003,71.220001
3,2004,71.779999
3,2005,72.260002
3,2006,72.879997
3,2007,73.379997
3,2008,73.599998
3,2009,74.120003
3,2010,74.419998
3,2011,74.870003
3,2012,75.25
3,2013,75.519997
3,2014,75.68
3,2015,76.040001
3,2016,76.360001
4,1800,33.967171
4,1801,36.374649
4,1802,34.379993
4,1803,30.642622
4,1804,29.381762
4,1805,34.87632
4,1806,35.0
4,1807,34.200001
4,1808,34.5
4,1809,35.0
4,1810,37.400002
4,1811,36.099998
4,1812,31.700001
4,1813,31.200001
4,1814,30.1
4,1815,36.5
4,1816,40.040001
4,1817,39.18
4,1818,38.529999
4,1819,37.25
4,1820,39.209999
4,1821,39.830002
4,1822,38.299999
4,1823,39.970001
4,1824,39.139999
4,1825,38.529999
4,1826,37.759998
4,1827,39.349998
4,1828,37.529999
4,1829,39.360001
4,1830,39.560001
4,1831,39.650002
4,1832,35.810001
4,1833,38.830002
4,1834,35.009998
4,1835,39.48
4,1836,41.950001
4,1837,39.380001
4,1838,39.330002
4,1839,40.91
4,1840,40.369999
4,1841,40.68
4,1842,40.009998
4,1843,40.75
4,1844,42.290001
4,1845,43.580002
4,1846,40.669998
4,1847,40.41
4,1848,40.290001
4,1849,35.91
4,1850,43.279999
4,1851,41.77
4,1852,41.32
4,1853,42.52
4,1854,36.130001
4,1855,37.540001
4,1856,40.18
4,1857,39.59
4,1858,39.669998
4,1859,35.259998
4,1860,43.330002
4,1861,40.450001
4,1862,42.700001
4,1863,41.73
4,1864,42.009998
4,1865,40.16
4,1866,41.830002
4,1867,42.330002
4,1868,40.23
4,1869,41.139999
4,1870,36.41
4,1871,29.59
4,1872,42.639999
4,1873,41.75
4,1874,44.299999
4,1875,43.169998
4,1876,43.549999
4,1877,44.330002
4,1878,43.360001
4,1879,43.990002
4,1880,42.73
4,1881,43.549999
4,1882,43.16
4,1883,43.279999
4,1884,42.52
4,1885,43.970001
4,1886,43.169998
4,1887,43.75
4,1888,44.150002
4,1889,45.560001
4,1890,43.360001
4,1891,44.110001
4,1892,43.57
4,1893,43.599998
4,1894,45.529999
4,1895,45.200001
4,1896,47.560001
4,1897,47.93
4,1898,45.990002
4,1899,45.23
4,1900,45.080002
4,1901,47.009998
4,1902,48.009998
4,1903,48.43
4,1904,48.080002
4,1905,48.360001
4,1906,47.740002
4,1907,48.279999
4,1908,49.299999
4,1909,50.009998
4,1910,51.369999
4,1911,48.169998
4,1912,51.619999
4,1913,51.349998
4,1914,37.849998
4,1915,35.630001
4,1916,39.509998
4,1917,42.599998
4,1918,34.34
4,1919,47.52
4,1920,51.599998
4,1921,52.689999
4,1922,54.919998
4,1923,54.650002
4,1924,55.27
4,1925,54.389999
4,1926,54.029999
4,1927,55.799999
4,1928,55.439999
4,1929,54.27
4,1930,56.869999
4,1931,56.93
4,1932,57.259998
4,1933,57.700001
4,1934,58.360001
4,1935,58.32
4,1936,58.810001
4,1937,59.169998
4,1938,58.970001
4,1939,59.619999
4,1940,49.450001
4,1941,57.669998
4,1942,57.439999
4,1943,53.330002
4,1944,47.189999
4,1945,54.959999
4,1946,62.380001
4,1947,63.98
4,1948,65.830002
4,1949,64.919998
4,1950,66.389999
4,1951,66.120003
4,1952,67.410004
4,1953,67.339996
4,1954,68.209999
4,1955,68.470001
4,1956,68.5
4,1957,68.93
4,1958,70.160004
4,1959,70.190002
4,1960,70.400002
4,1961,70.980003
4,1962,70.510002
4,1963,70.360001
4,1964,71.32
4,1965,71.150002
4,1966,71.559998
4,1967,71.550003
4,1968,71.540001
4,1969,71.269997
4,1970,72.160004
4,1971,72.129997
4,1972,72.379997
4,1973,72.540001
4,1974,72.889999
4,1975,72.980003
4,1976,73.220001
4,1977,73.830002
4,1978,73.949997
4,1979,74.260002
4,1980,74.349998
4,1981,74.510002
4,1982,74.889999
4,1983,74.870003
4,1984,75.370003
4,1985,75.470001
4,1986,75.75
4,1987,76.339996
4,1988,76.57
4,1989,76.690002
4,1990,77.160004
4,1991,77.349998
4,1992,77.57
4,1993,77.739998
4,1994,77.949997
4,1995,78.120003
4,1996,78.330002
4,1997,78.650002
4,1998,78.769997
4,1999,78.919998
4,2000,79.120003
4,2001,79.349998
4,2002,79.589996
4,2003,79.769997
4,2004,80.150002
4,2005,80.400002
4,2006,80.669998
4,2007,80.910004
4,2008,81.080002
4,2009,81.290001
4,2010,81.480003
4,2011,81.709999
4,2012,81.839996
4,2013,82.010002
4,2014,82.220001
4,2015,82.269997
4,2016,82.339996
5,1800,38.369999
5,1801,38.369999
5,1802,38.369999
5,1803,38.369999
5,1804,38.369999
5,1805,38.369999
5,1806,38.369999
5,1807,38.369999
5,1808,38.369999
5,1809,38.369999
5,1810,38.369999
5,1811,38.369999
5,1812,38.369999
5,1813,38.369999
5,1814,38.369999
5,1815,38.369999
5,1816,38.369999
5,1817,38.369999
5,1818,38.369999
5,1819,38.369999
5,1820,38.369999
5,1821,38.369999
5,1822,38.369999
5,1823,38.369999
5,1824,38.369999
5,1825,38.369999
5,1826,38.369999
5,1827,38.369999
5,1828,38.369999
5,1829,38.369999
5,1830,38.369999
5,1831,38.369999
5,1832,38.369999
5,1833,38.369999
5,1834,38.369999
5,1835,38.369999
5,1836,38.369999
5,1837,38.369999
5,1838,38.369999
5,1839,38.369999
5,1840,38.369999
5,1841,38.369999
5,1842,38.369999
5,1843,38.369999
5,1844,38.369999
5,1845,38.369999
5,1846,38.369999
5,1847,38.369999
5,1848,38.369999
5,1849,38.369999
5,1850,38.369999
5,1851,38.369999
5,1852,38.369999
5,1853,38.369999
5,1854,38.369999
5,1855,38.369999
5,1856,38.369999
5,1857,38.369999
5,1858,38.369999
5,1859,38.369999
5,1860,38.369999
5,1861,38.369999
5,1862,38.369999
5,1863,38.369999
5,1864,38.369999
5,1865,38.369999
5,1866,38.369999
5,1867,38.369999
5,1868,38.369999
5,1869,38.369999
5,1870,38.369999
5,1871,38.369999
5,1872,38.369999
5,1873,38.369999
5,1874,38.369999
5,1875,38.369999
5,1876,38.477001
5,1877,38.584
5,1878,38.691002
5,1879,38.798
5,1880,38.904999
5,1881,39.012001
5,1882,39.118999
5,1883,39.226002
5,1884,39.333
5,1885,39.439999
5,1886,39.734001
5,1887,40.028
5,1888,40.321999
5,1889,40.616001
5,1890,40.91
5,1891,41.203999
5,1892,41.498001
5,1893,41.792
5,1894,42.085999
5,1895,42.380001
5,1896,42.687
5,1897,42.993999
5,1898,43.300999
5,1899,43.608002
5,1900,43.915001
5,1901,44.222
5,1902,44.528999
5,1903,44.835999
5,1904,45.143002
5,1905,45.450001
5,1906,46.041668
5,1907,46.633335
5,1908,47.224998
5,1909,47.816666
5,1910,48.408333
5,1911,49.0
5,1912,49.591667
5,1913,50.183334
5,1914,46.176483
5,1915,40.525562
5,1916,38.988819
5,1917,40.080376
5,1918,32.936821
5,1919,48.32066
5,1920,53.5
5,1921,55.014286
5,1922,55.615715
5,1923,56.217144
5,1924,56.818573
5,1925,57.419998
5,1926,57.827999
5,1927,58.236
5,1928,58.644001
5,1929,59.051998
5,1930,59.459999
5,1931,59.868
5,1932,60.276001
5,1933,60.683998
5,1934,61.091999
5,1935,61.5
5,1936,61.786667
5,1937,62.073334
5,1938,62.360001
5,1939,61.0
5,1940,60.659874
5,1941,59.0
5,1942,55.0
5,1943,49.700001
5,1944,37.0
5,1945,29.0
5,1946,60.51136
5,1947,62.10952
5,1948,63.70768
5,1949,65.30584
5,1950,66.903999
5,1951,67.066002
5,1952,67.385002
5,1953,67.692001
5,1954,67.987999
5,1955,68.271004
5,1956,68.562447
5,1957,68.480408
5,1958,69.220451
5,1959,69.327461
5,1960,69.245232
5,1961,69.836433
5,1962,70.004387
5,1963,70.092888
5,1964,70.6511
5,1965,70.634499
5,1966,70.748108
5,1967,70.969948
5,1968,70.615448
5,1969,70.464897
5,1970,70.704155
5,1971,70.920242
5,1972,71.144203
5,1973,71.390862
5,1974,71.692909
5,1975,71.538567
5,1976,71.999985
5,1977,72.610657
5,1978,72.584106
5,1979,72.943237
5,1980,73.116646
5,1981,73.353973
5,1982,73.656998
5,1983,73.935532
5,1984,74.413895
5,1985,74.517555
5,1986,74.72496
5,1987,75.122932
5,1988,75.295944
5,1989,75.478043
5,1990,75.470001
5,1991,75.709999
5,1992,76.0
5,1993,76.169998
5,1994,76.400002
5,1995,76.639999
5,1996,76.889999
5,1997,77.18
5,1998,77.449997
5,1999,77.730003
5,2000,78.019997
5,2001,78.300003
5,2002,78.519997
5,2003,78.720001
5,2004,79.019997
5,2005,79.25
5,2006,79.489998
5,2007,79.669998
5,2008,79.830002
5,2009,79.970001
5,2010,80.139999
5,2011,80.32
5,2012,80.480003
5,2013,80.57
5,2014,80.790001
5,2015,80.870003
5,2016,80.93
6,1800,25.4424
6,1801,25.4424
6,1802,25.0
6,1803,24.0
6,1804,23.5
6,1805,25.4424
6,1806,25.4424
6,1807,25.4424
6,1808,25.4424
6,1809,25.4424
6,1810,25.4424
6,1811,25.4424
6,1812,23.0
6,1813,25.4424
6,1814,25.4424
6,1815,25.4424
6,1816,25.4424
6,1817,25.4424
6,1818,25.4424
6,1819,25.4424
6,1820,25.4424
6,1821,25.4424
6,1822,25.4424
6,1823,25.4424
6,1824,25.4424
6,1825,25.4424
6,1826,25.4424
6,1827,25.4424
6,1828,25.4424
6,1829,25.4424
6,1830,25.4424
6,1831,25.4424
6,1832,23.0
6,1833,22.0
6,1834,25.4424
6,1835,25.4424
6,1836,25.4424
6,1837,24.299999
6,1838,23.9
6,1839,25.4424
6,1840,25.4424
6,1841,25.4424
6,1842,25.4424
6,1843,25.4424
6,1844,25.4424
6,1845,25.4424
6,1846,25.4424
6,1847,25.4424
6,1848,25.4424
6,1849,25.4424
6,1850,25.4424
6,1851,25.4424
6,1852,25.4424
6,1853,25.4424
6,1854,25.4424
6,1855,25.4424
6,1856,25.4424
6,1857,25.4424
6,1858,25.4424
6,1859,25.4424
6,1860,23.0
6,1861,22.0
6,1862,25.4424
6,1863,25.4424
6,1864,25.252296
6,1865,25.252296
6,1866,21.039825
6,1867,25.252296
6,1868,25.252296
6,1869,21.304474
6,1870,25.4424
6,1871,25.4424
6,1872,25.4424
6,1873,25.4424
6,1874,25.4424
6,1875,25.110001
6,1876,20.0
6,1877,19.0
6,1878,20.0
6,1879,25.4424
6,1880,25.4424
6,1881,25.4424
6,1882,25.3248
6,1883,25.207199
6,1884,25.0896
6,1885,24.972
6,1886,24.854401
6,1887,24.736799
6,1888,24.417561
6,1889,24.300924
6,1890,24.384001
6,1891,23.025278
6,1892,22.654757
6,1893,24.110241
6,1894,24.03216
6,1895,23.950001
6,1896,22.75
6,1897,19.85
6,1898,25.75
6,1899,23.35
6,1900,18.35
6,1901,23.049999
6,1902,23.6
6,1903,23.417761
6,1904,22.0
6,1905,21.9
6,1906,21.886934
6,1907,19.238894
6,1908,23.248159
6,1909,23.214239
6,1910,23.180321
6,1911,23.1464
6,1912,23.338577
6,1913,23.530756
6,1914,23.722933
6,1915,23.915112
6,1916,24.107288
6,1917,24.299467
6,1918,8.1088362
6,1919,24.578934
6,1920,24.718666
6,1921,24.8584
6,1922,25.304001
6,1923,25.749599
6,1924,26.1952
6,1925,26.6408
6,1926,27.086399
6,1927,27.532
6,1928,27.9776
6,1929,28.423201
6,1930,28.868799
6,1931,29.3144
6,1932,29.642241
6,1933,29.970079
6,1934,30.29792
6,1935,30.625759
6,1936,30.9536
6,1937,31.281441
6,1938,31.60928
6,1939,31.93712
6,1940,32.264961
6,1941,32.5928
6,1942,32.841377
6,1943,32.099751
6,1944,32.596069
6,1945,33.587112
6,1946,33.83569
6,1947,32.378502
6,1948,34.08567
6,1949,34.581421
6,1950,34.830002
6,1951,35.167
6,1952,35.842999
6,1953,36.521999
6,1954,37.203999
6,1955,37.889
6,1956,38.577999
6,1957,39.271
6,1958,39.969002
6,1959,40.674999
6,1960,41.390999
6,1961,42.118999
6,1962,42.860001
6,1963,43.612999
6,1964,44.375
6,1965,45.140999
6,1966,45.903
6,1967,46.654999
6,1968,47.394001
6,1969,48.118999
6,1970,48.835999
6,1971,49.554001
6,1972,50.280998
6,1973,51.014999
6,1974,51.75
6,1975,52.470001
6,1976,53.159
6,1977,53.799999
6,1978,54.382999
6,1979,54.903
6,1980,55.362999
6,1981,55.766998
6,1982,56.131001
6,1983,56.470001
6,1984,56.792
6,1985,57.102001
6,1986,57.400002
6,1987,57.687
6,1988,57.964001
6,1989,58.237999
6,1990,58.959999
6,1991,59.310001
6,1992,59.650002
6,1993,60.02
6,1994,60.380001
6,1995,60.73
6,1996,61.029999
6,1997,61.279999
6,1998,61.610001
6,1999,61.939999
6,2000,62.290001
6,2001,62.619999
6,2002,63.0
6,2003,63.400002
6,2004,63.77
6,2005,64.160004
6,2006,64.550003
6,2007,64.93
6,2008,65.32
6,2009,65.730003
6,2010,66.120003
6,2011,66.510002
6,2012,66.910004
6,2013,67.279999
6,2014,67.720001
6,2015,68.099998
6,2016,68.550003
7,1800,29.690001
7,1801,29.690001
7,1802,29.690001
7,1803,29.690001
7,1804,29.690001
7,1805,29.690001
7,1806,29.690001
7,1807,29.690001
7,1808,29.690001
7,1809,29.690001
7,1810,29.690001
7,1811,29.690001
7,1812,29.690001
7,1813,29.690001
7,1814,29.690001
7,1815,29.690001
7,1816,29.690001
7,1817,29.690001
7,1818,29.690001
7,1819,29.690001
7,1820,29.690001
7,1821,29.690001
7,1822,29.690001
7,1823,29.690001
7,1824,29.690001
7,1825,29.690001
7,1826,29.690001
7,1827,29.690001
7,1828,29.690001
7,1829,29.690001
7,1830,29.690001
7,1831,29.690001
7,1832,29.690001
7,1833,29.690001
7,1834,29.690001
7,1835,29.690001
7,1836,29.690001
7,1837,29.690001
7,1838,29.690001
7,1839,29.690001
7,1840,29.690001
7,1841,29.690001
7,1842,29.690001
7,1843,29.690001
7,1844,29.690001
7,1845,29.690001
7,1846,29.690001
7,1847,29.690001
7,1848,29.690001
7,1849,29.690001
7,1850,29.690001
7,1851,29.690001
7,1852,29.690001
7,1853,29.690001
7,1854,29.690001
7,1855,29.690001
7,1856,29.690001
7,1857,29.690001
7,1858,29.690001
7,1859,29.690001
7,1860,29.690001
7,1861,29.690001
7,1862,29.690001
7,1863,29.690001
7,1864,29.690001
7,1865,29.690001
7,1866,29.690001
7,1867,29.690001
7,1868,29.690001
7,1869,29.690001
7,1870,29.690001
7,1871,29.690001
7,1872,29.690001
7,1873,31.6
7,1874,31.75
7,1875,31.309999
7,1876,33.599998
7,1877,34.880001
7,1878,34.32
7,1879,33.950001
7,1880,32.740002
7,1881,34.200001
7,1882,34.290001
7,1883,35.18
7,1884,36.599998
7,1885,36.830002
7,1886,35.099998
7,1887,35.970001
7,1888,36.919998
7,1889,39.049999
7,1890,38.5
7,1891,38.459999
7,1892,38.84
7,1893,39.790001
7,1894,39.91
7,1895,39.610001
7,1896,40.700001
7,1897,43.290001
7,1898,42.330002
7,1899,43.669998
7,1900,41.66
7,1901,43.52
7,1902,42.990002
7,1903,43.150002
7,1904,44.43
7,1905,43.939999
7,1906,45.09
7,1907,45.450001
7,1908,43.189999
7,1909,44.669998
7,1910,46.75
7,1911,44.77
7,1912,48.98
7,1913,48.459999
7,1914,49.889999
7,1915,42.34
7,1916,39.27
7,1917,37.689999
7,1918,25.620001
7,1919,42.099998
7,1920,45.509998
7,1921,49.25
7,1922,50.009998
7,1923,51.450001
7,1924,51.509998
7,1925,51.310001
7,1926,50.959999
7,1927,52.580002
7,1928,52.669998
7,1929,52.290001
7,1930,55.200001
7,1931,54.779999
7,1932,54.77
7,1933,56.290001
7,1934,56.860001
7,1935,56.220001
7,1936,56.75
7,1937,55.490002
7,1938,56.130001
7,1939,57.639999
7,1940,56.950001
7,1941,54.619999
7,1942,52.450001
7,1943,49.189999
7,1944,52.34
7,1945,54.779999
7,1946,58.970001
7,1947,61.18
7,1948,63.450001
7,1949,64.110001
7,1950,65.769997
7,1951,65.309998
7,1952,65.940002
7,1953,66.580002
7,1954,67.900002
7,1955,68.25
7,1956,67.639999
7,1957,67.809998
7,1958,68.870003
7,1959,69.32
7,1960,69.209999
7,1961,69.849998
7,1962,69.239998
7,1963,69.349998
7,1964,70.400002
7,1965,70.269997
7,1966,71.019997
7,1967,71.059998
7,1968,70.879997
7,1969,70.900002
7,1970,71.660004
7,1971,71.910004
7,1972,72.190002
7,1973,72.129997
7,1974,72.849998
7,1975,72.760002
7,1976,73.110001
7,1977,73.480003
7,1978,73.830002
7,1979,74.160004
7,1980,74.120003
7,1981,74.510002
7,1982,74.980003
7,1983,74.800003
7,1984,75.559998
7,1985,75.669998
7,1986,76.0
7,1987,76.419998
7,1988,76.599998
7,1989,77.0
7,1990,77.019997
7,1991,77.190002
7,1992,77.410004
7,1993,77.620003
7,1994,77.849998
7,1995,78.120003
7,1996,78.330002
7,1997,78.690002
7,1998,78.970001
7,1999,79.269997
7,2000,79.599998
7,2001,79.93
7,2002,80.169998
7,2003,80.269997
7,2004,80.720001
7,2005,80.910004
7,2006,81.089996
7,2007,81.269997
7,2008,81.459999
7,2009,81.57
7,2010,81.779999
7,2011,81.919998
7,2012,82.019997
7,2013,82.239998
7,2014,82.290001
7,2015,82.330002
7,2016,82.339996
8,1800,36.400002
8,1801,36.400398
8,1802,36.400795
8,1803,36.401192
8,1804,36.401588
8,1805,36.401989
8,1806,36.402386
8,1807,36.402782
8,1808,36.403179
8,1809,36.40358
8,1810,36.403976
8,1811,36.404373
8,1812,36.40477
8,1813,36.405167
8,1814,36.405567
8,1815,36.405964
8,1816,36.406361
8,1817,36.406757
8,1818,36.407154
8,1819,36.407555
8,1820,36.407951
8,1821,36.408348
8,1822,36.408745
8,1823,36.409142
8,1824,36.409542
8,1825,36.409939
8,1826,36.410336
8,1827,36.410732
8,1828,36.411133
8,1829,36.41153
8,1830,36.411926
8,1831,36.412323
8,1832,36.41272
8,1833,36.41312
8,1834,36.413517
8,1835,36.413914
8,1836,36.41431
8,1837,36.414707
8,1838,36.415108
8,1839,36.415504
8,1840,36.415901
8,1841,36.416298
8,1842,36.416698
8,1843,36.417095
8,1844,36.417492
8,1845,36.417889
8,1846,36.418285
8,1847,36.418686
8,1848,36.419083
8,1849,36.419479
8,1850,36.419876
8,1851,36.420273
8,1852,36.420673
8,1853,36.42107
8,1854,36.421467
8,1855,36.421864
8,1856,36.42226
8,1857,36.422661
8,1858,36.423058
8,1859,36.423454
8,1860,36.423851
8,1861,36.424252
8,1862,36.424648
8,1863,36.425045
8,1864,36.425442
8,1865,36.425838
8,1866,36.459202
8,1867,36.492561
8,1868,36.525921
8,1869,36.55928
8,1870,36.59264
8,1871,36.633999
8,1872,36.675362
8,1873,36.716721
8,1874,36.75808
8,1875,36.799438
8,1876,36.846848
8,1877,36.894257
8,1878,36.941666
8,1879,36.989071
8,1880,37.03648
8,1881,37.094864
8,1882,37.153248
8,1883,37.211632
8,1884,37.270016
8,1885,37.3284
8,1886,37.397858
8,1887,37.467312
8,1888,37.53677
8,1889,37.606224
8,1890,37.675678
8,1891,37.760113
8,1892,37.844543
8,1893,37.928974
8,1894,38.013409
8,1895,38.097839
8,1896,38.198273
8,1897,38.298702
8,1898,38.399136
8,1899,38.499569
8,1900,38.599998
8,1901,38.724384
8,1902,38.848766
8,1903,38.973152
8,1904,39.097534
8,1905,39.22192
8,1906,39.372257
8,1907,39.522591
8,1908,39.672928
8,1909,39.823265
8,1910,39.973598
8,1911,40.158768
8,1912,40.343937
8,1913,40.529102
8,1914,40.714272
8,1915,40.899441
8,1916,41.128414
8,1917,41.357391
8,1918,32.69595
8,1919,41.815346
8,1920,42.044319
8,1921,42.330318
8,1922,42.616322
8,1923,43.22493
8,1924,43.833534
8,1925,44.442142
8,1926,45.050751
8,1927,45.659359
8,1928,45.98225
8,1929,46.305141
8,1930,46.628029
8,1931,46.95092
8,1932,47.273811
8,1933,47.596699
8,1934,47.91959
8,1935,48.242481
8,1936,48.621239
8,1937,49.0
8,1938,49.0
8,1939,49.0
8,1940,49.0
8,1941,48.75
8,1942,48.5
8,1943,46.0
8,1944,40.0
8,1945,30.5368
8,1946,46.5
8,1947,51.75
8,1948,56.889999
8,1949,57.759998
8,1950,59.299999
8,1951,60.990002
8,1952,63.029999
8,1953,63.369999
8,1954,64.610001
8,1955,65.769997
8,1956,65.629997
8,1957,65.5
8,1958,67.120003
8,1959,67.510002
8,1960,67.800003
8,1961,68.449997
8,1962,68.730003
8,1963,69.809998
8,1964,70.279999
8,1965,70.330002
8,1966,71.139999
8,1967,71.43
8,1968,71.75
8,1969,71.980003
8,1970,72.07
8,1971,72.889999
8,1972,73.419998
8,1973,73.480003
8,1974,73.910004
8,1975,74.410004
8,1976,74.809998
8,1977,75.379997
8,1978,75.699997
8,1979,76.209999
8,1980,76.190002
8,1981,76.599998
8,1982,77.110001
8,1983,77.139999
8,1984,77.540001
8,1985,77.839996
8,1986,78.260002
8,1987,78.669998
8,1988,78.580002
8,1989,79.010002
8,1990,78.940002
8,1991,79.139999
8,1992,79.290001
8,1993,79.459999
8,1994,79.699997
8,1995,79.75
8,1996,80.169998
8,1997,80.389999
8,1998,80.550003
8,1999,80.720001
8,2000,81.029999
8,2001,81.309998
8,2002,81.559998
8,2003,81.75
8,2004,81.93
8,2005,82.050003
8,2006,82.239998
8,2007,82.410004
8,2008,82.57
8,2009,82.769997
8,2010,82.910004
8,2011,82.660004
8,2012,83.230003
8,2013,83.440002
8,2014,83.690002
8,2015,83.830002
8,2016,83.940002
9,1800,26.9
9,1801,26.9
9,1802,26.9
9,1803,26.9
9,1804,26.9
9,1805,26.9
9,1806,26.9
9,1807,26.9
9,1808,26.9
9,1809,26.9
9,1810,26.9
9,1811,26.9
9,1812,26.9
9,1813,26.9
9,1814,26.9
9,1815,26.9
9,1816,26.9
9,1817,26.9
9,1818,26.9
9,1819,26.9
9,1820,26.9
9,1821,26.9
9,1822,26.9
9,1823,26.9
9,1824,26.9
9,1825,26.9
9,1826,26.9
9,1827,26.9
9,1828,26.9
9,1829,26.9
9,1830,26.9
9,1831,26.9
9,1832,26.9
9,1833,26.9
9,1834,26.9
9,1835,26.9
9,1836,26.9
9,1837,26.9
9,1838,26.9
9,1839,26.9
9,1840,26.9
9,1841,26.9
9,1842,26.9
9,1843,26.9
9,1844,26.9
9,1845,26.9
9,1846,26.9
9,1847,26.9
9,1848,26.9
9,1849,26.9
9,1850,26.9
9,1851,26.9
9,1852,26.9
9,1853,26.9
9,1854,26.9
9,1855,26.9
9,1856,26.9
9,1857,26.9
9,1858,26.9
9,1859,26.9
9,1860,26.9
9,1861,26.9
9,1862,26.9
9,1863,26.9
9,1864,26.9
9,1865,26.9
9,1866,26.9
9,1867,26.9
9,1868,26.9
9,1869,26.9
9,1870,26.9
9,1871,26.9
9,1872,26.9
9,1873,26.9
9,1874,26.9
9,1875,26.9
9,1876,26.9
9,1877,26.9
9,1878,26.9
9,1879,26.9
9,1880,26.9
9,1881,26.9
9,1882,26.9
9,1883,26.9
9,1884,26.9
9,1885,26.9
9,1886,26.9
9,1887,26.9
9,1888,26.9
9,1889,26.9
9,1890,26.9
9,1891,25.696667
9,1892,24.493334
9,1893,23.290001
9,1894,26.620001
9,1895,29.52
9,1896,28.799999
9,1897,26.24
9,1898,27.030001
9,1899,24.98
9,1900,27.58
9,1901,26.65
9,1902,28.370001
9,1903,28.68
9,1904,29.09
9,1905,26.799999
9,1906,27.879999
9,1907,27.969999
9,1908,28.719999
9,1909,29.209999
9,1910,27.41
9,1911,27.842501
9,1912,28.275
9,1913,28.7075
9,1914,29.139999
9,1915,29.5725
9,1916,30.004999
9,1917,30.4375
9,1918,18.186424
9,1919,31.3025
9,1920,31.735001
9,1921,32.1675
9,1922,32.599998
9,1923,33.5
9,1924,32.799999
9,1925,32.099998
9,1926,34.200001
9,1927,40.299999
9,1928,34.5
9,1929,35.400002
9,1930,36.200001
9,1931,37.700001
9,1932,38.400002
9,1933,37.299999
9,1934,38.200001
9,1935,40.400002
9,1936,38.299999
9,1937,36.799999
9,1938,39.400002
9,1939,45.5
9,1940,39.200001
9,1941,42.599998
9,1942,39.799999
9,1943,42.799999
9,1944,43.200001
9,1945,44.200001
9,1946,44.799999
9,1947,46.299999
9,1948,48.299999
9,1949,45.799999
9,1950,48.556
9,1951,49.115002
9,1952,50.209999
9,1953,51.254002
9,1954,52.247002
9,1955,53.189999
9,1956,54.081001
9,1957,54.918999
9,1958,55.702
9,1959,56.424
9,1960,57.083
9,1961,57.674
9,1962,58.199001
9,1963,58.661999
9,1964,59.076
9,1965,59.453999
9,1966,59.813999
9,1967,60.172001
9,1968,60.542999
9,1969,60.938999
9,1970,61.368999
9,1971,61.835999
9,1972,62.333
9,1973,62.851002
9,1974,63.383999
9,1975,63.928001
9,1976,64.473999
9,1977,65.015999
9,1978,65.547997
9,1979,66.065002
9,1980,66.563004
9,1981,67.041
9,1982,67.502998
9,1983,67.950996
9,1984,68.387001
9,1985,68.811996
9,1986,69.227997
9,1987,69.637001
9,1988,70.040001
9,1989,70.440002
9,1990,71.510002
9,1991,71.879997
9,1992,72.089996
9,1993,72.300003
9,1994,72.620003
9,1995,72.849998
9,1996,73.220001
9,1997,73.459999
9,1998,73.709999
9,1999,74.129997
9,2000,74.610001
9,2001,74.870003
9,2002,74.889999
9,2003,74.93
9,2004,75.220001
9,2005,75.209999
9,2006,75.459999
9,2007,75.660004
9,2008,75.440002
9,2009,75.349998
9,2010,75.440002
9,2011,75.720001
9,2012,75.879997
9,2013,75.790001
9,2014,75.900002
9,2015,76.190002
9,2016,76.379997
10,1800,29.573458
10,1801,29.573458
10,1802,29.573458
10,1803,29.573458
10,1804,29.573458
10,1805,29.573458
10,1806,29.573458
10,1807,29.573458
10,1808,29.573458
10,1809,29.573458
10,1810,29.573458
10,1811,29.573458
10,1812,29.573458
10,1813,29.573458
10,1814,29.573458
10,1815,29.573458
10,1816,29.573458
10,1817,29.573458
10,1818,29.573458
10,1819,29.573458
10,1820,29.573458
10,1821,29.573458
10,1822,29.573458
10,1823,29.573458
10,1824,29.573458
10,1825,29.573458
10,1826,29.573458
10,1827,29.573458
10,1828,29.573458
10,1829,29.573458
10,1830,29.573458
10,1831,29.573458
10,1832,29.573458
10,1833,29.573458
10,1834,29.573458
10,1835,29.573458
10,1836,29.573458
10,1837,29.573458
10,1838,29.573458
10,1839,29.573458
10,1840,29.573458
10,1841,29.573458
10,1842,29.573458
10,1843,29.573458
10,1844,29.573458
10,1845,29.573458
10,1846,29.573458
10,1847,29.573458
10,1848,18.0
10,1849,29.573458
10,1850,29.573458
10,1851,29.573458
10,1852,29.573458
10,1853,29.5
10,1854,27.5
10,1855,27.5
10,1856,29.0
10,1857,29.573458
10,1858,29.573458
10,1859,29.573458
10,1860,29.573458
10,1861,29.573458
10,1862,29.573458
10,1863,29.573458
10,1864,29.573458
10,1865,29.573458
10,1866,29.573458
10,1867,29.573458
10,1868,27.851233
10,1869,27.934912
10,1870,31.120827
10,1871,28.103025
10,1872,25.916433
10,1873,29.484869
10,1874,30.474104
10,1875,31.120827
10,1876,30.93466
10,1877,31.308113
10,1878,27.767805
10,1879,30.841995
10,1880,30.201067
10,1881,32.164948
10,1882,26.705706
10,1883,29.045897
10,1884,32.749157
10,1885,30.841995
10,1886,34.256531
10,1887,33.244099
10,1888,33.144516
10,1889,31.027603
10,1890,29.930477
10,1891,26.387152
10,1892,21.261061
10,1893,27.601696
10,1894,28.103025
10,1895,26.947142
10,1896,28.27215
10,1897,30.474104
10,1898,27.934912
10,1899,31.591158
10,1900,30.749607
10,1901,29.045897
10,1902,29.84082
10,1903,31.781273
10,1904,32.164948
10,1905,30.474104
10,1906,31.972534
10,1907,33.645432
10,1908,33.645432
10,1909,32.358517
10,1910,31.402178
10,1911,35.088634
10,1912,35.512234
10,1913,33.343979
10,1914,33.0
10,1915,31.5
10,1916,31.5
10,1917,29.0
10,1918,23.0
10,1919,25.0
10,1920,20.5
10,1921,23.799999
10,1922,24.700001
10,1923,33.599998
10,1924,36.099998
10,1925,35.200001
10,1926,38.400002
10,1927,37.5
10,1928,38.900002
10,1929,37.400002
10,1930,36.5
10,1931,35.0
10,1932,32.799999
10,1933,17.35
10,1934,38.200001
10,1935,39.599998
10,1936,41.099998
10,1937,39.900002
10,1938,41.400002
10,1939,43.599998
10,1940,41.200001
10,1941,23.0
10,1942,18.0
10,1943,16.0
10,1944,27.0
10,1945,34.0
10,1946,46.099998
10,1947,40.400002
10,1948,52.200001
10,1949,55.0
10,1950,57.299999
10,1951,57.799999
10,1952,58.200001
10,1953,59.0
10,1954,61.0
10,1955,63.400002
10,1956,64.900002
10,1957,64.0
10,1958,66.900002
10,1959,67.650002
10,1960,68.669998
10,1961,68.919998
10,1962,68.580002
10,1963,69.050003
10,1964,69.849998
10,1965,69.440002
10,1966,69.510002
10,1967,69.300003
10,1968,69.260002
10,1969,68.739998
10,1970,68.860001
10,1971,69.120003
10,1972,69.019997
10,1973,69.0
10,1974,68.989998
10,1975,68.349998
10,1976,68.099998
10,1977,67.970001
10,1978,68.010002
10,1979,67.730003
10,1980,67.699997
10,1981,67.919998
10,1982,68.379997
10,1983,68.150002
10,1984,67.669998
10,1985,68.330002
10,1986,69.949997
10,1987,69.959999
10,1988,69.809998
10,1989,69.730003
10,1990,69.169998
10,1991,68.959999
10,1992,67.75
10,1993,65.129997
10,1994,63.75
10,1995,64.339996
10,1996,65.629997
10,1997,66.800003
10,1998,67.089996
10,1999,65.870003
10,2000,65.279999
10,2001,65.279999
10,2002,65.129997
10,2003,65.18
10,2004,65.459999
10,2005,65.610001
10,2006,66.849998
10,2007,67.559998
10,2008,67.870003
10,2009,68.849998
10,2010,69.220001
10,2011,69.860001
10,2012,70.449997
10,2013,70.760002
10,2014,70.860001
10,2015,70.830002
10,2016,70.870003
11,1800,29.5
11,1801,29.5
11,1802,29.5
11,1803,29.5
11,1804,29.5
11,1805,29.5
11,1806,29.5
11,1807,29.5
11,1808,29.5
11,1809,29.5
11,1810,29.5
11,1811,29.5
11,1812,29.5
11,1813,29.5
11,1814,29.5
11,1815,29.5
11,1816,29.5
11,1817,29.5
11,1818,29.5
11,1819,29.5
11,1820,29.5
11,1821,29.5
11,1822,29.5
11,1823,29.5
11,1824,29.5
11,1825,29.5
11,1826,29.5
11,1827,29.5
11,1828,29.5
11,1829,29.5
11,1830,29.5
11,1831,29.5
11,1832,29.5
11,1833,29.5
11,1834,29.5
11,1835,29.5
11,1836,29.5
11,1837,29.5
11,1838,29.5
11,1839,29.5
11,1840,29.5
11,1841,29.5
11,1842,29.5
11,1843,29.5
11,1844,29.5
11,1845,29.5
11,1846,29.5
11,1847,29.5
11,1848,29.5
11,1849,29.5
11,1850,29.5
11,1851,29.5
11,1852,29.5
11,1853,29.5
11,1854,29.5
11,1855,29.5
11,1856,29.5
11,1857,29.5
11,1858,29.5
11,1859,29.5
11,1860,29.5
11,1861,29.5
11,1862,29.5
11,1863,29.5
11,1864,29.5
11,1865,29.5
11,1866,29.5
11,1867,29.5
11,1868,29.5
11,1869,29.5
11,1870,29.5
11,1871,29.5
11,1872,29.5
11,1873,29.5
11,1874,29.5
11,1875,29.5
11,1876,29.5
11,1877,29.5
11,1878,29.5
11,1879,29.5
11,1880,29.5
11,1881,29.5
11,1882,29.5
11,1883,29.76
11,1884,30.02
11,1885,30.280001
11,1886,30.540001
11,1887,30.799999
11,1888,31.059999
11,1889,31.32
11,1890,31.58
11,1891,31.84
11,1892,32.099998
11,1893,32.4375
11,1894,32.775002
11,1895,33.112499
11,1896,33.450001
11,1897,33.787498
11,1898,34.125
11,1899,34.462502
11,1900,34.799999
11,1901,35.631248
11,1902,36.462502
11,1903,37.293751
11,1904,38.125
11,1905,38.956249
11,1906,39.787498
11,1907,40.618752
11,1908,41.450001
11,1909,41.060001
11,1910,40.919998
11,1911,39.799999
11,1912,43.529999
11,1913,42.560001
11,1914,42.84
11,1915,43.049999
11,1916,43.98
11,1917,42.630001
11,1918,30.290001
11,1919,41.119999
11,1920,39.310001
11,1921,42.029999
11,1922,44.209999
11,1923,44.75
11,1924,46.299999
11,1925,46.950001
11,1926,47.759998
11,1927,48.490002
11,1928,48.669998
11,1929,49.490002
11,1930,49.34
11,1931,49.25
11,1932,51.200001
11,1933,51.599998
11,1934,52.240002
11,1935,52.720001
11,1936,50.900002
11,1937,47.220001
11,1938,47.529999
11,1939,47.09
11,1940,48.389999
11,1941,47.16
11,1942,52.48
11,1943,54.849998
11,1944,56.25
11,1945,57.84
11,1946,57.57
11,1947,59.330002
11,1948,61.27
11,1949,61.02
11,1950,61.869999
11,1951,61.52
11,1952,64.940002
11,1953,65.809998
11,1954,67.010002
11,1955,66.779999
11,1956,66.82
11,1957,66.660004
11,1958,68.849998
11,1959,68.769997
11,1960,69.269997
11,1961,69.660004
11,1962,69.690002
11,1963,69.849998
11,1964,70.580002
11,1965,70.989998
11,1966,71.25
11,1967,71.440002
11,1968,71.730003
11,1969,71.260002
11,1970,72.239998
11,1971,71.849998
11,1972,73.059998
11,1973,72.839996
11,1974,73.220001
11,1975,73.550003
11,1976,73.870003
11,1977,74.389999
11,1978,74.580002
11,1979,75.120003
11,1980,75.599998
11,1981,75.739998
11,1982,76.300003
11,1983,76.080002
11,1984,76.459999
11,1985,76.419998
11,1986,76.669998
11,1987,76.900002
11,1988,76.910004
11,1989,76.980003
11,1990,77.120003
11,1991,77.300003
11,1992,77.519997
11,1993,77.68
11,1994,77.940002
11,1995,78.150002
11,1996,78.360001
11,1997,78.699997
11,1998,78.919998
11,1999,79.110001
11,2000,79.400002
11,2001,79.669998
11,2002,79.830002
11,2003,79.980003
11,2004,80.25
11,2005,80.480003
11,2006,80.830002
11,2007,81.07
11,2008,81.360001
11,2009,81.68
11,2010,81.970001
11,2011,82.18
11,2012,82.32
11,2013,82.629997
11,2014,82.839996
11,2015,82.910004
11,2016,82.970001
12,1800,38.0
12,1801,38.0
12,1802,38.0
12,1803,38.0
12,1804,38.0
12,1805,38.0
12,1806,38.0
12,1807,38.0
12,1808,38.0
12,1809,38.0
12,1810,38.0
12,1811,38.0
12,1812,38.0
12,1813,38.0
12,1814,38.0
12,1815,38.0
12,1816,38.0
12,1817,38.0
12,1818,38.0
12,1819,38.0
12,1820,38.0
12,1821,38.0
12,1822,38.0
12,1823,38.0
12,1824,38.0
12,1825,38.0
12,1826,38.0
12,1827,38.0
12,1828,38.0
12,1829,38.0
12,1830,38.0
12,1831,38.0
12,1832,38.0
12,1833,38.0
12,1834,38.0
12,1835,38.0
12,1836,38.0
12,1837,38.0
12,1838,38.0
12,1839,38.0
12,1840,38.0
12,1841,38.0
12,1842,38.0
12,1843,38.0
12,1844,38.0
12,1845,38.0
12,1846,38.0
12,1847,38.0
12,1848,38.0
12,1849,38.0
12,1850,38.0
12,1851,38.0
12,1852,38.0
12,1853,38.0
12,1854,38.0
12,1855,38.0
12,1856,38.0
12,1857,38.0
12,1858,38.0
12,1859,38.0
12,1860,38.0
12,1861,38.0
12,1862,38.0
12,1863,38.0
12,1864,38.0
12,1865,38.0
12,1866,38.0
12,1867,38.0
12,1868,38.0
12,1869,38.0
12,1870,38.0
12,1871,38.0
12,1872,38.0
12,1873,38.0
12,1874,38.0
12,1875,38.0
12,1876,40.099998
12,1877,40.009998
12,1878,40.470001
12,1879,41.810001
12,1880,42.41
12,1881,41.869999
12,1882,42.98
12,1883,44.939999
12,1884,45.0
12,1885,43.830002
12,1886,44.68
12,1887,45.439999
12,1888,45.970001
12,1889,45.139999
12,1890,44.950001
12,1891,44.709999
12,1892,47.23
12,1893,46.07
12,1894,45.790001
12,1895,46.84
12,1896,48.880001
12,1897,49.099998
12,1898,48.200001
12,1899,49.290001
12,1900,47.48
12,1901,48.939999
12,1902,50.41
12,1903,50.029999
12,1904,49.16
12,1905,49.669998
12,1906,50.720001
12,1907,51.189999
12,1908,52.259998
12,1909,51.610001
12,1910,52.91
12,1911,51.720001
12,1912,54.419998
12,1913,54.209999
12,1914,55.130001
12,1915,55.950001
12,1916,56.59
12,1917,55.810001
12,1918,46.299999
12,1919,54.970001
12,1920,54.380001
12,1921,57.869999
12,1922,58.5
12,1923,60.040001
12,1924,59.490002
12,1925,59.950001
12,1926,60.639999
12,1927,60.099998
12,1928,60.470001
12,1929,60.169998
12,1930,61.43
12,1931,61.240002
12,1932,61.23
12,1933,62.41
12,1934,62.889999
12,1935,62.130001
12,1936,63.18
12,1937,63.509998
12,1938,63.849998
12,1939,64.010002
12,1940,63.580002
12,1941,64.980003
12,1942,65.650002
12,1943,65.839996
12,1944,64.879997
12,1945,65.419998
12,1946,66.07
12,1947,66.260002
12,1948,67.339996
12,1949,67.970001
12,1950,68.940002
12,1951,68.709999
12,1952,69.620003
12,1953,69.529999
12,1954,70.0
12,1955,70.080002
12,1956,70.209999
12,1957,70.559998
12,1958,71.300003
12,1959,71.459999
12,1960,71.440002
12,1961,71.760002
12,1962,71.32
12,1963,71.309998
12,1964,72.199997
12,1965,72.330002
12,1966,72.470001
12,1967,72.769997
12,1968,72.720001
12,1969,72.730003
12,1970,73.139999
12,1971,73.260002
12,1972,73.779999
12,1973,74.080002
12,1974,74.43
12,1975,74.82
12,1976,74.940002
12,1977,75.389999
12,1978,75.339996
12,1979,75.639999
12,1980,75.639999
12,1981,75.870003
12,1982,76.209999
12,1983,76.220001
12,1984,76.82
12,1985,76.940002
12,1986,77.110001
12,1987,77.410004
12,1988,77.43
12,1989,77.620003
12,1990,77.489998
12,1991,77.639999
12,1992,77.93
12,1993,78.220001
12,1994,78.449997
12,1995,78.529999
12,1996,78.980003
12,1997,79.25
12,1998,79.510002
12,1999,79.779999
12,2000,79.970001
12,2001,80.209999
12,2002,80.400002
12,2003,80.620003
12,2004,81.029999
12,2005,81.279999
12,2006,81.480003
12,2007,81.690002
12,2008,81.919998
12,2009,82.059998
12,2010,82.300003
12,2011,82.540001
12,2012,82.660004
12,2013,82.800003
12,2014,83.089996
12,2015,83.160004
12,2016,83.18
13,1800,38.649761
13,1801,37.350822
13,1802,38.615601
13,1803,37.316845
13,1804,41.436916
13,1805,42.317261
13,1806,43.216114
13,1807,40.04594
13,1808,40.347794
13,1809,41.742203
13,1810,38.347382
13,1811,39.887272
13,1812,41.826324
13,1813,43.038368
13,1814,40.241531
13,1815,41.131779
13,1816,39.938316
13,1817,41.040718
13,1818,39.847767
13,1819,40.51926
13,1820,41.312477
13,1821,41.780403
13,1822,41.349724
13,1823,40.048023
13,1824,39.192757
13,1825,39.939877
13,1826,39.830349
13,1827,41.138859
13,1828,42.032665
13,1829,41.558071
13,1830,43.018311
13,1831,40.843559
13,1832,40.163628
13,1833,41.349632
13,1834,40.783878
13,1835,41.104195
13,1836,41.427021
13,1837,40.203598
13,1838,40.301132
13,1839,40.879307
13,1840,39.927151
13,1841,41.700001
13,1842,41.349998
13,1843,41.860001
13,1844,41.549999
13,1845,42.560001
13,1846,39.959999
13,1847,38.330002
13,1848,39.5
13,1849,37.380001
13,1850,42.799999
13,1851,41.419998
13,1852,40.93
13,1853,40.560001
13,1854,39.34
13,1855,41.029999
13,1856,43.25
13,1857,41.880001
13,1858,40.040001
13,1859,40.84
13,1860,43.009998
13,1861,42.380001
13,1862,42.52
13,1863,40.400002
13,1864,39.970001
13,1865,40.650002
13,1866,40.41
13,1867,42.619999
13,1868,42.0
13,1869,41.669998
13,1870,40.950001
13,1871,41.310001
13,1872,42.900002
13,1873,43.779999
13,1874,42.130001
13,1875,41.849998
13,1876,43.689999
13,1877,44.700001
13,1878,43.009998
13,1879,44.27
13,1880,43.779999
13,1881,46.110001
13,1882,44.869999
13,1883,45.09
13,1884,44.790001
13,1885,45.759998
13,1886,45.330002
13,1887,45.650002
13,1888,46.810001
13,1889,46.34
13,1890,44.75
13,1891,44.290001
13,1892,45.509998
13,1893,44.869999
13,1894,48.34
13,1895,45.73
13,1896,47.41
13,1897,47.23
13,1898,46.98
13,1899,46.130001
13,1900,46.32
13,1901,47.91
13,1902,49.080002
13,1903,50.43
13,1904,49.110001
13,1905,50.860001
13,1906,50.580002
13,1907,51.439999
13,1908,51.84
13,1909,52.52
13,1910,53.990002
13,1911,51.540001
13,1912,54.549999
13,1913,53.830002
13,1914,51.990002
13,1915,48.200001
13,1916,47.73
13,1917,45.57
13,1918,40.43
13,1919,54.119999
13,1920,56.599998
13,1921,58.349998
13,1922,57.130001
13,1923,59.400002
13,1924,58.169998
13,1925,58.509998
13,1926,59.66
13,1927,59.040001
13,1928,59.990002
13,1929,57.709999
13,1930,60.889999
13,1931,60.110001
13,1932,60.630001
13,1933,60.669998
13,1934,61.400002
13,1935,62.049999
13,1936,61.849998
13,1937,61.880001
13,1938,63.299999
13,1939,63.689999
13,1940,60.970001
13,1941,61.369999
13,1942,63.990002
13,1943,64.010002
13,1944,64.849998
13,1945,65.849998
13,1946,66.470001
13,1947,66.440002
13,1948,68.5
13,1949,68.190002
13,1950,68.699997
13,1951,68.300003
13,1952,69.599998
13,1953,69.870003
13,1954,70.239998
13,1955,70.209999
13,1956,70.480003
13,1957,70.599998
13,1958,70.779999
13,1959,70.879997
13,1960,71.099998
13,1961,70.849998
13,1962,70.919998
13,1963,70.830002
13,1964,71.620003
13,1965,71.610001
13,1966,71.529999
13,1967,72.160004
13,1968,71.790001
13,1969,71.75
13,1970,72.0
13,1971,72.32
13,1972,72.099998
13,1973,72.309998
13,1974,72.510002
13,1975,72.779999
13,1976,72.760002
13,1977,73.25
13,1978,73.18
13,1979,73.290001
13,1980,73.720001
13,1981,74.059998
13,1982,74.190002
13,1983,74.440002
13,1984,74.830002
13,1985,74.68
13,1986,74.949997
13,1987,75.300003
13,1988,75.410004
13,1989,75.550003
13,1990,75.720001
13,1991,75.940002
13,1992,76.169998
13,1993,76.300003
13,1994,76.550003
13,1995,76.690002
13,1996,76.910004
13,1997,77.139999
13,1998,77.339996
13,1999,77.529999
13,2000,77.839996
13,2001,78.099998
13,2002,78.309998
13,2003,78.449997
13,2004,78.82
13,2005,79.099998
13,2006,79.379997
13,2007,79.639999
13,2008,79.879997
13,2009,80.169998
13,2010,80.389999
13,2011,80.580002
13,2012,80.68
13,2013,80.769997
13,2014,80.82
13,2015,80.860001
13,2016,80.900002
14,1800,39.41
14,1801,39.41
14,1802,39.41
14,1803,39.41
14,1804,39.41
14,1805,39.41
14,1806,39.41
14,1807,39.41
14,1808,39.41
14,1809,39.41
14,1810,39.41
14,1811,39.41
14,1812,39.41
14,1813,39.41
14,1814,39.41
14,1815,39.41
14,1816,39.41
14,1817,39.41
14,1818,39.41
14,1819,39.41
14,1820,39.41
14,1821,39.41
14,1822,39.41
14,1823,39.41
14,1824,39.41
14,1825,39.41
14,1826,39.41
14,1827,39.41
14,1828,39.41
14,1829,39.41
14,1830,39.41
14,1831,39.41
14,1832,39.41
14,1833,39.41
14,1834,39.41
14,1835,39.41
14,1836,39.41
14,1837,39.41
14,1838,39.41
14,1839,39.41
14,1840,39.41
14,1841,39.41
14,1842,39.41
14,1843,39.41
14,1844,39.41
14,1845,39.41
14,1846,39.41
14,1847,39.41
14,1848,39.41
14,1849,39.41
14,1850,39.41
14,1851,39.41
14,1852,39.41
14,1853,39.41
14,1854,39.41
14,1855,39.41
14,1856,39.41
14,1857,39.41
14,1858,39.41
14,1859,39.41
14,1860,39.41
14,1861,38.0
14,1862,34.5
14,1863,34.0
14,1864,31.0
14,1865,38.0
14,1866,39.41
14,1867,39.41
14,1868,39.41
14,1869,39.41
14,1870,39.41
14,1871,39.41
14,1872,39.41
14,1873,39.41
14,1874,39.41
14,1875,39.41
14,1876,39.41
14,1877,39.41
14,1878,39.41
14,1879,39.41
14,1880,39.41
14,1881,39.990002
14,1882,40.57
14,1883,41.150002
14,1884,41.73
14,1885,42.310001
14,1886,42.889999
14,1887,43.470001
14,1888,44.049999
14,1889,44.630001
14,1890,45.209999
14,1891,45.581818
14,1892,45.953636
14,1893,46.325455
14,1894,46.697273
14,1895,47.069092
14,1896,47.44091
14,1897,47.812729
14,1898,48.184544
14,1899,48.556362
14,1900,48.928181
14,1901,49.299999
14,1902,50.5
14,1903,50.599998
14,1904,49.599998
14,1905,50.299999
14,1906,50.099998
14,1907,50.200001
14,1908,51.900002
14,1909,52.799999
14,1910,51.799999
14,1911,53.400002
14,1912,54.099998
14,1913,53.5
14,1914,54.599998
14,1915,55.099998
14,1916,54.200001
14,1917,54.0
14,1918,47.200001
14,1919,55.299999
14,1920,55.400002
14,1921,58.200001
14,1922,58.099998
14,1923,57.5
14,1924,58.5
14,1925,58.5
14,1926,57.900002
14,1927,59.400002
14,1928,58.299999
14,1929,58.5
14,1930,59.599998
14,1931,60.299999
14,1932,61.0
14,1933,60.959999
14,1934,60.290001
14,1935,60.939999
14,1936,60.400002
14,1937,61.099998
14,1938,62.43
14,1939,63.119999
14,1940,63.279999
14,1941,63.84
14,1942,64.629997
14,1943,64.339996
14,1944,65.129997
14,1945,65.629997
14,1946,66.330002
14,1947,66.730003
14,1948,67.300003
14,1949,67.68
14,1950,68.120003
14,1951,68.220001
14,1952,68.440002
14,1953,68.790001
14,1954,69.580002
14,1955,69.629997
14,1956,69.709999
14,1957,69.489998
14,1958,69.760002
14,1959,69.980003
14,1960,69.910004
14,1961,70.32
14,1962,70.209999
14,1963,70.040001
14,1964,70.330002
14,1965,70.410004
14,1966,70.43
14,1967,70.760002
14,1968,70.419998
14,1969,70.660004
14,1970,70.919998
14,1971,71.239998
14,1972,71.339996
14,1973,71.540001
14,1974,72.080002
14,1975,72.68
14,1976,72.989998
14,1977,73.379997
14,1978,73.580002
14,1979,74.029999
14,1980,73.93
14,1981,74.360001
14,1982,74.650002
14,1983,74.709999
14,1984,74.809998
14,1985,74.790001
14,1986,74.870003
14,1987,75.010002
14,1988,75.019997
14,1989,75.099998
14,1990,75.449997
14,1991,75.599998
14,1992,75.75
14,1993,75.769997
14,1994,75.830002
14,1995,75.959999
14,1996,76.290001
14,1997,76.669998
14,1998,76.800003
14,1999,76.839996
14,2000,76.959999
14,2001,77.040001
14,2002,77.169998
14,2003,77.32
14,2004,77.540001
14,2005,77.699997
14,2006,77.949997
14,2007,78.169998
14,2008,78.370003
14,2009,78.599998
14,2010,78.779999
14,2011,78.870003
14,2012,78.940002
14,2013,78.959999
14,2014,78.940002
14,2015,78.870003
14,2016,78.860001
